[
	{
		"title": "Data Оil Рlatform",
		"cartsubtitle": "0",
		"num": "01",
		"tags": ["Стартап","Анализ рынка"],
		"desc": "Цель: Убедить потенциальных партнеров – крупные нефтедобывающие и нефтеперерабатывающие компании Африки – в необходимости и своевременности создания единой data-платформы",
		"imgs": [
			{ "img_link":"/projects/gana-00.jpg", "title":"Разработали структуру презентации" },	
			{ "img_link":"/projects/gana-01.jpg", "title":"Проанализировали рынок страны, где планируется запускать проект" },	
			{ "img_link":"/projects/gana-02.jpg", "title":"Сделали акцент на текущих потерях рынка в отсутствие единого верного data-источника" },	
			{ "img_link":"/projects/gana-03.jpg", "title":"Проанализировали рынок страны, где планируется запускать проект" },	
			{ "img_link":"/projects/gana-04.jpg", "title":"Проанализировали рынок страны, где планируется запускать проект" }	
		],
		"info": [
			{	"icon": "",	"desc": "15 слайдов" },
			{	"icon": "",	"desc": "15 дней на реализацию" },
			{	"icon": "",	"desc": "3 чел.в команде проекта" }
		]
	},
	
	{
		"title": "Qonversion",
		"cartsubtitle": "0",
		"num": "02",
		"tags": ["Продукт","Визуализация данных"],
		"desc": "Цель: Замотивировать потенциальных клиентов подключить trial продукта и увидеть прикладную бизнес-ценность его использования. Продукт - data-платформа по аналитике мобильных приложений",
		"imgs": [
			{ "img_link":"/projects/qonversion-00.jpg", "title":"Сформировали структуру" },	
			{ "img_link":"/projects/qonversion-01.jpg", "title":"Расставили акценты" },	
			{ "img_link":"/projects/qonversion-02.jpg", "title":"Предложили лучшее визуальное решение для отображения данных и цифр" },	
			{ "img_link":"/projects/qonversion-03.jpg", "title":"Визуализировали цифры и графики" },	
			{ "img_link":"/projects/qonversion-04.jpg", "title":"Упаковали" }	
		],
		"info": [
			{	"icon": "",	"desc": "15 слайдов" },
			{	"icon": "",	"desc": "15 дней на реализацию" },
			{	"icon": "",	"desc": "3 чел.в команде проекта" }
		]
	},
	
	{
		"title": "Шоколадница",
		"cartsubtitle": "0",
		"num": "03",
		"tags": ["Проект","Инвестиции в проект"],
		"desc": "Цель: Убедить управляющую команду компании в необходимости изменений, доказать несостоятельность текущего подхода в управлении, предложить ребрендинг и кардинально изменить концепт кофеен",
		"imgs": [
			{ "img_link":"/projects/shokolad-00.jpg", "title":"Разработали структуру презентации" },	
			{ "img_link":"/projects/shokolad-01.jpg", "title":"Собрали данные о трендах рынка" },	
			{ "img_link":"/projects/shokolad-02.jpg", "title":"Расставили акценты" }
		],
		"info": [
			{ "icon": "",	"desc": "80 слайдов" },
			{ "icon": "",	"desc": "8 дней на реализацию" },
			{ "icon": "",	"desc": "3 чел.в команде проекта" }
		]
	},
	
	{
		"title": "Газпром нефть",
		"cartsubtitle": "0",
		"num": "04",
		"tags": ["Видео-презентация","Выступление на конференции"],
		"desc": "Цель: Презентовать значимые изменения в технологических процессах и эффект на бизнес-результат. Задача – отрисовать множество составляющих технологических процессов в формате видео-презентации",
		"imgs": [
			{ "img_link":"/projects/gazprom-00.jpg", "title":"Разработали структуру презентации" },	
			{ "img_link":"/projects/gazprom-01.jpg", "title":"Собрали данные о трендах рынка" },	
			{ "img_link":"/projects/gazprom-02.jpg", "title":"Расставили акценты" }
		],
		"info": [
			{ "icon": "",	"desc": "35 слайдов" },
			{ "icon": "",	"desc": "21 день на реализацию" },
			{ "icon": "",	"desc": "3 чел.в команде проекта" }
		]
	},
	
	{
		"title": "Газпром нефть",
		"cartsubtitle": "0",
		"num": "05",
		"tags": ["Стратегия"],
		"desc": "Цель: Защитить перед иностранными акционерами новую маркетинговую стратегию",
		"imgs": [
			{ "img_link":"/projects/dpd-00.jpg", "title":"Разработали структуру презентации" },	
			{ "img_link":"/projects/dpd-01.jpg", "title":"Собрали данные о трендах рынка" },	
			{ "img_link":"/projects/dpd-02.jpg", "title":"Расставили акценты" },
			{ "img_link":"/projects/dpd-03.jpg", "title":"Расставили акценты" },
			{ "img_link":"/projects/dpd-04.jpg", "title":"Расставили акценты" },
			{ "img_link":"/projects/dpd-05.jpg", "title":"Расставили акценты" }
		],
		"info": [
			{ "icon": "",	"desc": "58 слайдов" },
			{ "icon": "",	"desc": "18 день на реализацию" },
			{ "icon": "",	"desc": "3 чел.в команде проекта" }
		]
	}
]