[
	{	"title": "Microsoft PowerPoint", "subtitle": "Мощный обзор самой популярной программы для создания презентаций", "img": "/blog/1.jpg", 
		"link": "/blog/art1" },
	{	"title": "Самые странные вспомогательные предметы на презентациях", "subtitle": "Как скрипка, лук и лошадь помогают удивлять аудиторию", "img": "/blog/2.jpg", 
		"link": "/blog/art2" },
	{	"title": "Где искать вдохновение для создания презентаций", "subtitle": "Идеи для визуализации, когда в голове ни одной новой мысли", "img": "/blog/3.jpg", 
		"link": "/blog/art3" },
	{	"title": "Учимся создавать презентацию стартапа у самых лучших", "subtitle": "Сравниваем рекомендации Y Combinator, 500 Startups и Sequoia Capital", "img": "/blog/4.jpg", 
		"link": "/blog/art4" },
	{	"title": "Самые странные вспомогательные предметы на презентациях", "subtitle": "Как скрипка, лук и лошадь помогают удивлять аудиторию", "img": "/blog/5.jpg", 
		"link": "/blog/art5" },
	{	"title": "Microsoft PowerPoint", "subtitle": "Мощный обзор самой популярной программы для создания презентаций", "img": "/blog/6.jpg", 
		"link": "/blog/art6" },
	{	"title": "Учимся создавать презентацию стартапа у самых лучших", "subtitle": "Сравниваем рекомендации Y Combinator, 500 Startups и Sequoia Capital", "img": "/blog/7.jpg", 
		"link": "/blog/art7" },
	{	"title": "Где искать вдохновение для создания презентаций", "subtitle": "Идеи для визуализации, когда в голове ни одной новой мысли", "img": "/blog/8.jpg", 
		"link": "/blog/art8" },
	{	"title": "Microsoft PowerPoint", "subtitle": "Мощный обзор самой популярной программы для создания презентаций", "img": "/blog/9.jpg", 
		"link": "/blog/art9" },
	{	"title": "Где искать вдохновение для создания презентаций", "subtitle": "Идеи для визуализации, когда в голове ни одной новой мысли", "img": "/blog/10.jpg", 
		"link": "/blog/art10" },
	{	"title": "Самые странные вспомогательные предметы на презентациях", "subtitle": "Как скрипка, лук и лошадь помогают удивлять аудиторию", "img": "/blog/11.jpg", 
		"link": "/blog/art11" }

]